Id,Label,timeset,d0,Degree,modularity_class
31789,,,product,10,0
43758,,,product,69,0
23405,,,product,21,0
9786,,,product,16,0
7139,,,product,40,0
39993,,,product,12,1
6268,,,product,12,0
44054,,,product,52,0
49478,,,product,34,0
25487,,,product,53,0
38873,,,product,22,0
34565,"Peanut Butter Whole Grain Clusters ",,product,96,0
38834,,,product,23,0
35689,,,product,49,0
35788,,,product,53,0
3663,,,product,17,0
17053,,,product,4,0
31154,,,product,46,0
39256,,,product,33,0
5360,,,product,20,1
34466,,,product,74,0
10613,,,product,78,0
40183,,,product,16,0
35456,,,product,4,0
22308,,,product,44,0
32773,,,product,4,0
3226,,,product,6,0
2539,,,product,13,0
6433,,,product,6,0
29195,,,product,5,0
7175,,,product,7,1
25533,,,product,20,1
5665,"Original Soft & Chewy Candy ",,product,101,0
812,,,product,35,0
27104,,,product,245,1
23371,,,product,69,0
40604,,,product,46,1
25090,,,product,5,0
18094,,,product,3,0
33731,,,product,132,1
2383,,,product,4,1
12044,,,product,32,0
1819,,,product,39,0
49637,,,product,20,0
1120,,,product,2,0
10374,,,product,67,0
42483,,,product,28,0
33626,"Spinach Cheese Tortellini ",,product,102,0
46485,,,product,2,1
42564,,,product,63,0
27639,,,product,14,1
21469,,,product,25,0
17163,,,product,2,1
23190,,,product,19,0
31355,,,product,20,0
12953,,,product,2,1
22767,,,product,37,0
17988,,,product,5,1
31096,,,product,12,1
21782,,,product,9,0
23341,,,product,4,1
45933,,,product,10,0
31384,,,product,2,1
44486,,,product,61,0
33863,,,product,5,0
310,,,product,2,1
39863,,,product,43,0
45083,,,product,71,0
33481,,,product,29,0
6146,,,product,4,1
7649,,,product,6,1
25480,,,product,12,0
24810,,,product,51,0
33106,,,product,20,0
30910,,,product,76,0
44703,,,product,16,0
9007,,,product,7,0
5296,,,product,43,0
19627,,,product,3,0
6087,,,product,3,0
17224,,,product,36,1
26308,"Soft Pretzel Bites ",,product,107,0
28238,,,product,14,0
18358,,,product,3,0
27900,,,product,30,0
27353,,,product,20,0
44098,,,product,6,1
33402,,,product,25,0
6714,,,product,10,0
39619,,,product,24,1
44249,,,product,5,0
19625,,,product,35,0
5971,,,product,4,1
38944,,,product,19,1
39832,,,product,6,0
29558,,,product,40,0
6692,,,product,36,0
39308,,,product,36,0
36285,,,product,11,0
3634,,,product,3,1
22089,,,product,15,1
44257,,,product,47,0
4297,,,product,15,0
11888,,,product,18,0
48210,,,product,11,1
45767,,,product,9,0
27992,,,product,11,0
43565,,,product,7,0
48916,,,product,7,0
40545,,,product,42,1
41890,,,product,2,1
30312,,,product,34,0
36481,,,product,15,0
28132,,,product,30,0
33842,,,product,2,0
25132,"Ice Cream Bars ",,product,99,0
34065,,,product,37,0
43622,,,product,6,0
24389,,,product,3,0
14882,,,product,11,1
28378,,,product,5,1
40332,,,product,2,1
26651,,,product,9,0
14505,,,product,7,0
26030,,,product,47,0
16290,,,product,44,0
44870,,,product,5,0
38683,,,product,62,0
31632,,,product,31,0
26250,,,product,24,0
5328,,,product,2,1
22428,,,product,6,0
13062,,,product,4,1
44949,,,product,14,1
28134,,,product,7,0
32394,,,product,20,0
15995,,,product,45,0
4711,,,product,24,0
41392,,,product,7,0
28476,,,product,58,1
19612,,,product,84,0
31127,,,product,17,0
30482,,,product,17,0
18037,,,product,33,0
34745,,,product,3,1
34368,,,product,3,0
43351,,,product,17,0
6901,,,product,4,1
22534,,,product,6,1
19102,,,product,2,0
44182,,,product,10,0
11913,,,product,4,1
9036,,,product,27,0
38886,,,product,9,0
25085,,,product,24,0
12424,,,product,6,0
21436,,,product,9,0
31081,,,product,6,0
28934,,,product,59,1
37592,,,product,40,0
9192,,,product,4,0
5684,,,product,35,0
3509,"Dark Chocolate Coconut Bites ",,product,98,0
33059,,,product,10,0
33671,,,product,23,0
48559,,,product,61,1
6808,,,product,2,1
432,,,product,148,1
34703,,,product,2,0
14734,,,product,3,0
7908,,,product,78,0
18418,,,product,6,0
516,,,product,9,0
21463,,,product,9,0
34531,,,product,32,0
17579,,,product,8,1
17084,,,product,21,0
22365,,,product,3,1
210,,,product,39,0
10221,,,product,2,0
29874,,,product,4,1
32240,,,product,11,0
20144,,,product,45,0
6933,,,product,28,0
47941,,,product,40,0
18918,,,product,25,1
852,,,product,5,0
8425,,,product,20,0
15221,,,product,4,1
24777,,,product,14,0
18387,,,product,11,0
31372,,,product,2,0
7185,,,product,26,0
25295,,,product,3,0
21253,,,product,23,0
48936,,,product,11,0
7338,,,product,29,0
21288,,,product,49,1
31596,,,product,20,0
14781,,,product,3,0
30024,,,product,47,0
16265,,,product,27,0
13958,,,product,45,0
46699,,,product,3,0
46514,,,product,12,0
41178,,,product,11,0
11845,,,product,37,0
23744,,,product,22,0
41983,,,product,2,0
36676,,,product,12,1
34362,,,product,7,0
21471,,,product,33,0
8518,,,product,136,1
6567,,,product,92,0
16918,"Diet Ginger Soda ",,product,96,0
48104,,,product,2,1
6532,,,product,74,0
31041,,,product,50,0
12623,,,product,4,0
19006,,,product,50,1
43352,"Strawberry Peach Still Artesian Water ",,product,152,1
22963,,,product,224,1
8843,,,product,32,1
30183,,,product,4,1
39046,,,product,42,0
2596,,,product,4,0
26698,,,product,6,1
40501,,,product,3,1
22035,"Organic Whole String Cheese ",,product,517,1
27122,,,product,15,0
18471,,,product,5,0
21756,,,product,36,0
48527,,,product,2,1
18224,,,product,7,1
8061,,,product,74,0
32537,,,product,12,1
42208,,,product,9,0
38720,,,product,8,0
25876,,,product,22,0
20126,,,product,52,0
19559,,,product,21,0
32726,,,product,9,0
29374,,,product,4,1
10429,,,product,4,0
31093,,,product,20,0
20754,,,product,37,0
14726,,,product,2,0
27428,,,product,18,0
43295,,,product,150,1
37104,,,product,8,0
21462,,,product,3,1
47640,,,product,26,0
1549,,,product,10,0
10252,,,product,3,0
37866,,,product,3,1
12899,,,product,32,0
42372,,,product,22,1
29926,,,product,37,1
15100,,,product,5,1
48988,,,product,64,1
17630,,,product,51,1
36691,,,product,2,1
11576,,,product,63,1
42509,,,product,2,1
42265,,,product,260,1
38553,,,product,20,0
7503,"Whole Almonds ",,product,114,0
36149,,,product,24,0
4825,,,product,29,0
32211,,,product,10,1
23140,,,product,61,0
16793,,,product,11,0
33642,,,product,4,1
1240,,,product,7,1
34217,,,product,14,1
1553,,,product,3,0
27959,,,product,22,0
24925,,,product,9,0
22929,,,product,5,0
43445,,,product,7,1
6218,,,product,7,0
29387,,,product,7,1
32347,,,product,16,0
16399,,,product,36,0
30949,,,product,44,1
13797,,,product,5,0
32320,,,product,10,0
30142,,,product,12,1
31134,,,product,5,0
32099,,,product,9,0
32971,,,product,22,0
29623,,,product,35,0
35181,,,product,11,0
38656,,,product,17,1
2974,,,product,12,0
41625,,,product,3,1
32380,,,product,6,0
4382,,,product,11,0
37019,,,product,6,0
21038,,,product,20,1
22760,,,product,13,0
42307,,,product,3,1
22832,,,product,29,1
13263,,,product,38,1
32267,,,product,3,1
46202,,,product,21,0
4724,,,product,44,0
33513,,,product,72,0
20339,,,product,7,1
14437,"Total Greek Yogurt With Honey ",,product,97,0
45570,,,product,36,1
13548,,,product,31,0
8506,,,product,27,0
31801,,,product,31,0
19604,,,product,27,1
3880,,,product,9,0
39618,,,product,17,0
39941,,,product,9,0
35649,,,product,2,1
49276,,,product,7,0
45635,,,product,18,0
2344,,,product,25,0
22582,,,product,30,0
37971,,,product,28,0
18208,,,product,33,0
7314,,,product,21,0
2847,,,product,2,1
12107,,,product,3,1
9534,,,product,21,0
43876,,,product,28,0
22255,,,product,5,1
5994,,,product,6,1
2473,,,product,2,0
18883,,,product,72,0
46654,,,product,33,1
41517,,,product,4,0
36074,,,product,3,0
23783,,,product,3,1
46280,,,product,2,0
46126,,,product,36,0
15153,,,product,2,1
39911,,,product,5,0
14240,,,product,17,1
21000,,,product,26,0
16908,,,product,19,1
27622,,,product,49,0
42193,,,product,13,1
45228,,,product,3,1
39409,,,product,13,1
24531,,,product,11,1
29987,,,product,27,0
6317,,,product,2,1
36617,,,product,6,0
22362,"Beeswax Lip Balm With Vitamin E & Peppermint ",,product,33,1
1197,Plates,,product,116,0
31608,,,product,19,0
43534,,,product,39,0
14414,,,product,6,1
15229,,,product,2,0
45938,,,product,8,0
6193,,,product,10,1
40279,,,product,5,0
2604,,,product,47,0
10036,,,product,7,1
20906,,,product,3,0
20439,,,product,21,0
11068,,,product,48,1
30696,,,product,18,1
39475,,,product,143,1
33195,,,product,17,0
48335,,,product,16,0
8832,,,product,27,0
1199,,,product,2,1
5547,,,product,17,1
46676,,,product,185,1
27608,,,product,29,1
649,,,product,28,0
3584,,,product,42,0
17622,,,product,25,1
13951,,,product,3,0
30117,,,product,12,1
28800,,,product,42,0
34850,,,product,40,0
41351,,,product,6,1
29244,,,product,5,1
16387,,,product,4,1
46087,,,product,56,0
5680,,,product,2,0
264,,,product,8,1
24195,,,product,27,0
3740,,,product,2,0
22504,,,product,2,1
23219,,,product,19,1
33716,,,product,12,1
38739,"Hass Avocado ",,product,99,0
35269,,,product,33,0
15943,,,product,3,0
31640,,,product,5,1
21384,,,product,4,0
20842,,,product,165,1
28632,,,product,3,1
9618,,,product,3,1
42664,,,product,2,0
911,,,product,18,0
38755,,,product,61,0
21240,,,product,2,0
47719,,,product,8,1
2939,,,product,30,0
47439,,,product,4,1
19875,,,product,10,1
49503,,,product,32,0
16518,,,product,8,0
2574,,,product,24,0
45788,,,product,3,1
47380,,,product,3,0
29344,,,product,3,0
22802,,,product,25,1
7806,,,product,18,1
8091,,,product,91,0
27156,,,product,122,1
12845,,,product,3,1
6448,,,product,2,1
23216,,,product,3,1
1776,,,product,8,0
8436,,,product,5,1
19318,,,product,7,0
44075,,,product,5,1
25926,,,product,8,0
37731,,,product,39,0
23296,,,product,40,1
10385,,,product,9,1
38313,,,product,20,1
30737,,,product,20,0
22524,,,product,8,0
38279,,,product,16,0
21096,,,product,3,1
29334,,,product,23,0
39922,,,product,2,0
47624,,,product,9,0
27514,,,product,6,1
27500,,,product,2,0
45864,,,product,2,0
45234,,,product,8,0
2245,,,product,41,0
45807,,,product,3,1
28427,,,product,44,1
21777,,,product,2,1
11361,,,product,22,1
40226,,,product,3,0
24631,,,product,67,0
37032,,,product,25,0
36287,,,product,31,0
8022,,,product,60,0
35616,,,product,24,0
39216,,,product,14,1
10132,,,product,73,1
35123,,,product,53,0
6291,,,product,6,0
22006,,,product,32,0
31770,,,product,26,0
1202,,,product,6,1
33055,,,product,34,1
35496,,,product,4,1
12906,,,product,2,0
42345,,,product,16,1
25706,,,product,11,1
36214,,,product,3,0
8803,,,product,34,0
13643,,,product,25,0
47029,,,product,43,1
16364,,,product,51,0
1398,,,product,18,1
25811,,,product,40,0
334,,,product,10,0
6494,,,product,5,0
3652,,,product,2,0
39929,,,product,11,0
28928,,,product,52,1
25825,,,product,2,1
48023,,,product,2,0
26315,,,product,6,1
12004,,,product,3,1
14891,,,product,3,1
39021,,,product,2,1
34197,,,product,29,1
3044,,,product,5,1
38770,,,product,7,0
38948,,,product,9,1
43666,,,product,31,0
43724,,,product,49,0
45646,,,product,4,0
6587,,,product,5,1
1941,,,product,5,0
626,,,product,3,0
6774,,,product,25,1
21634,,,product,2,1
22115,,,product,22,1
34300,,,product,4,1
12204,,,product,7,0
28745,,,product,92,1
24362,,,product,4,0
49318,,,product,10,1
29180,,,product,16,1
37302,,,product,11,0
24799,,,product,123,1
47873,,,product,5,1
48620,,,product,22,0
47658,,,product,28,0
3298,"Mozzarella String Cheese ",,product,124,0
48785,,,product,50,0
37449,,,product,49,0
10312,,,product,2,1
23029,,,product,44,1
3510,,,product,5,0
27316,,,product,5,1
14493,,,product,26,0
9422,,,product,4,1
32578,,,product,24,1
30098,,,product,3,0
29118,,,product,32,1
45186,,,product,2,1
35752,,,product,32,0
22195,,,product,2,0
14050,,,product,16,0
3481,,,product,25,1
27554,,,product,11,0
31663,,,product,23,1
24721,,,product,10,0
32939,,,product,2,0
3676,,,product,3,1
21421,,,product,3,0
22993,,,product,12,1
29545,,,product,3,1
7563,,,product,4,1
48415,,,product,20,1
16483,,,product,6,0
3464,,,product,15,1
5491,,,product,47,1
23985,,,product,44,0
5353,,,product,2,1
29077,,,product,24,1
204,,,product,2,0
4844,,,product,32,0
49131,,,product,13,1
16168,,,product,29,0
5539,,,product,4,1
42282,,,product,3,1
2397,,,product,3,0
248,,,product,6,0
48890,,,product,8,0
32667,,,product,27,0
11980,,,product,3,1
44678,,,product,2,0
31945,,,product,15,0
37003,,,product,18,1
38985,,,product,13,1
32093,,,product,4,0
28118,,,product,5,0
6568,,,product,4,1
48720,,,product,14,0
44103,,,product,6,1
44560,,,product,36,1
658,,,product,4,0
9420,,,product,6,1
38844,,,product,24,1
16254,,,product,19,1
27429,,,product,38,0
16260,,,product,3,0
21662,,,product,2,1
45815,,,product,20,0
45763,,,product,33,1
47990,,,product,10,1
40772,,,product,4,0
35072,,,product,21,0
32018,,,product,11,1
5449,,,product,77,0
2830,,,product,4,1
30776,,,product,160,1
40028,,,product,10,1
40377,,,product,3,1
5025,,,product,19,1
23217,,,product,19,0
29370,,,product,20,1
45613,,,product,3,1
10172,,,product,2,1
21513,,,product,2,1
8736,,,product,29,1
2229,,,product,4,1
23734,,,product,5,1
21347,,,product,6,0
24184,,,product,129,1
24850,,,product,5,1
28281,,,product,7,0
20876,,,product,7,1
43988,,,product,7,1
36939,,,product,6,1
42309,,,product,4,1
47168,,,product,2,0
44053,,,product,3,0
44948,,,product,9,1
14127,,,product,21,1
30873,,,product,43,0
47849,,,product,29,0
6655,,,product,7,0
14901,,,product,2,1
38445,,,product,18,0
43182,,,product,13,1
7304,,,product,4,1
22901,,,product,23,0
16508,,,product,2,1
38694,,,product,7,1
14133,,,product,7,1
32652,,,product,5,1
17484,,,product,10,1
25879,,,product,8,0
4098,,,product,10,0
34969,,,product,187,1
26665,,,product,50,0
42814,,,product,2,1
48679,,,product,228,1
18370,,,product,64,1
27730,,,product,67,1
36651,,,product,3,1
17207,,,product,24,1
29223,,,product,16,1
42508,,,product,9,1
6069,,,product,26,1
37538,,,product,2,1
11399,,,product,7,1
17490,,,product,5,0
43721,,,product,11,1
18023,,,product,26,1
44860,,,product,28,0
41534,,,product,23,0
13757,,,product,9,0
21616,,,product,256,1
17872,,,product,54,1
1139,,,product,7,0
8986,,,product,3,1
35750,,,product,3,1
19173,,,product,13,1
19678,,,product,53,1
21544,,,product,2,1
14764,,,product,28,1
21553,,,product,4,1
7388,,,product,9,1
45495,,,product,7,1
6383,,,product,7,1
2535,,,product,32,0
30850,,,product,19,1
8414,,,product,11,1
45453,,,product,3,1
5077,,,product,421,1
21791,,,product,3,1
4713,,,product,2,1
22046,,,product,2,1
49610,,,product,10,1
8852,,,product,8,0
16703,,,product,2,1
45447,,,product,15,1
36076,,,product,7,1
35909,,,product,2,0
23630,,,product,5,1
9058,,,product,8,1
7412,,,product,7,1
31683,,,product,57,1
3888,,,product,13,1
4731,,,product,5,1
17847,,,product,5,1
36361,,,product,25,0
7054,,,product,35,1
29695,,,product,19,0
32757,,,product,6,1
38264,,,product,4,1
36256,,,product,3,1
13596,,,product,10,1
2180,,,product,3,1
22395,,,product,12,1
45210,,,product,33,1
47209,"Organic Hass Avocado ",,product,1231,1
27086,,,product,502,1
24852,Bananas,,product,2180,1
39861,,,product,9,1
7781,,,product,269,1
9426,,,product,5,1
13176,"Bag of Organic Bananas ",,product,1941,1
10070,,,product,75,1
116,,,product,29,1
44632,,,product,433,1
28465,,,product,160,1
5161,,,product,71,1
5785,,,product,471,1
30192,,,product,20,1
5479,,,product,209,1
32403,,,product,53,1
47734,,,product,39,1
21137,"Organic Strawberries ",,product,1425,1
4451,,,product,30,1
4210,,,product,190,1
33787,,,product,176,1
34050,,,product,107,1
11448,,,product,7,1
30169,,,product,114,1
46906,,,product,143,1
21903,"Organic Baby Spinach ",,product,1032,1
2298,,,product,15,1
5646,,,product,52,1
26209,,,product,392,1
2552,,,product,9,1
5876,,,product,395,1
37335,,,product,13,1
45190,,,product,7,1
19366,,,product,11,1
2966,,,product,76,1
24964,,,product,239,1
17122,,,product,54,1
35547,,,product,34,1
28985,,,product,255,1
24838,,,product,280,1
38159,,,product,27,1
30391,,,product,406,1
41950,,,product,205,1
22556,,,product,21,1
43961,,,product,134,1
13113,,,product,13,1
9839,,,product,188,1
2228,,,product,26,1
8251,,,product,3,1
6541,,,product,4,1
23986,,,product,20,1
44359,,,product,191,1
29487,,,product,77,1
19057,,,product,516,1
24954,,,product,93,1
19478,,,product,3,1
23044,,,product,26,1
29837,,,product,6,1
20171,,,product,2,1
8021,,,product,72,1
7131,,,product,27,1
3599,,,product,39,1
27845,"Organic Whole Milk ",,product,827,1
11422,,,product,92,1
35914,,,product,69,1
43154,,,product,90,1
31651,,,product,58,1
3243,,,product,2,1
41750,,,product,3,1
5134,,,product,23,1
47877,,,product,12,1
47388,,,product,10,1
4562,,,product,5,1
36717,,,product,22,1
31635,,,product,26,1
45504,,,product,88,1
1203,,,product,3,1
13031,,,product,3,1
17668,,,product,2,1
28842,,,product,44,1
28204,,,product,442,1
29447,,,product,179,1
44987,,,product,30,1
34668,,,product,60,1
27966,,,product,865,1
20282,,,product,2,1
21267,,,product,100,1
41148,,,product,11,1
16797,"Strawberries ",,product,408,1
47766,,,product,718,1
15902,,,product,73,1
34295,,,product,4,1
12341,,,product,202,1
37710,,,product,78,1
49235,"Organic Half & Half ",,product,554,1
47329,,,product,2,1
17948,,,product,129,1
48628,,,product,49,1
17794,,,product,234,1
34126,,,product,121,1
26915,,,product,20,1
31506,,,product,46,1
260,,,product,78,1
27521,,,product,202,1
33147,,,product,6,1
40939,,,product,3,1
32647,,,product,11,1
46667,,,product,107,1
22935,,,product,339,1
7076,,,product,5,0
45013,,,product,8,1
33037,,,product,38,1
41213,,,product,15,1
34789,,,product,2,1
42450,,,product,70,1
36865,,,product,161,1
38928,,,product,88,1
46584,,,product,36,1
4013,,,product,2,1
13512,,,product,8,1
6347,,,product,43,1
35842,,,product,6,1
28553,,,product,30,1
9387,,,product,176,1
21709,,,product,175,1
43693,,,product,5,1
36397,,,product,13,1
49621,,,product,9,1
25931,,,product,83,1
28373,,,product,11,1
24024,,,product,109,1
24891,,,product,9,1
33198,,,product,233,1
20693,,,product,3,1
15366,,,product,6,1
8277,,,product,509,1
4472,,,product,46,1
6182,,,product,22,1
30639,,,product,55,1
13351,,,product,46,1
36735,,,product,50,1
5115,,,product,14,1
3896,,,product,118,1
19051,,,product,2,1
16185,,,product,68,1
47144,,,product,137,1
44514,,,product,8,1
2855,,,product,92,1
1463,,,product,252,1
37646,"Organic Gala Apples ",,product,528,1
49683,,,product,310,1
16262,,,product,81,1
44787,,,product,2,1
5393,,,product,4,1
13802,,,product,2,1
4879,,,product,4,1
38456,,,product,56,1
45066,,,product,366,1
5456,,,product,32,1
25804,,,product,17,1
45603,,,product,163,1
25824,,,product,3,1
18805,,,product,2,1
3957,,,product,308,1
40174,,,product,94,1
43735,,,product,6,1
25837,,,product,42,1
29285,,,product,2,1
3631,,,product,7,1
18523,,,product,181,1
27511,,,product,22,1
4920,,,product,287,1
18362,,,product,146,1
20583,,,product,10,1
39427,,,product,15,1
7350,,,product,22,1
7521,,,product,88,1
27695,,,product,58,1
12427,,,product,48,1
21938,,,product,166,1
30450,,,product,30,1
46847,,,product,4,1
11520,,,product,181,1
26477,,,product,7,1
39408,,,product,88,1
26047,,,product,43,1
6184,,,product,120,1
17341,,,product,40,1
49325,,,product,3,1
45840,,,product,11,1
12703,,,product,3,1
32864,,,product,38,1
34024,,,product,7,1
35951,,,product,371,1
26800,,,product,20,1
35628,,,product,79,1
30827,,,product,44,1
5640,,,product,13,1
26128,,,product,15,1
14947,,,product,231,1
42585,,,product,116,1
42445,,,product,90,1
38544,,,product,36,1
42828,,,product,167,1
31717,,,product,131,1
45,,,product,55,1
13425,,,product,8,1
41658,,,product,48,1
1940,,,product,141,1
4357,,,product,18,1
13535,,,product,11,1
17807,,,product,26,1
38200,,,product,19,1
42536,,,product,3,1
14084,,,product,112,1
13984,,,product,44,1
10049,,,product,2,1
32478,,,product,76,1
35221,,,product,243,1
6046,,,product,99,1
5450,,,product,151,1
41844,,,product,40,1
48186,,,product,14,1
38383,,,product,59,1
25852,,,product,18,1
7156,,,product,27,1
16611,,,product,5,1
29307,,,product,11,1
35321,,,product,14,1
26856,,,product,3,1
39928,,,product,293,1
34243,,,product,94,1
8859,,,product,68,1
37766,,,product,39,1
38768,,,product,19,1
31513,,,product,6,1
17487,,,product,35,1
19820,,,product,19,1
15290,,,product,112,1
9558,,,product,11,1
35108,,,product,45,1
47866,,,product,29,1
39877,,,product,318,1
11707,,,product,17,1
32227,,,product,5,1
23106,,,product,14,1
25495,,,product,3,1
42768,,,product,64,1
26620,,,product,77,1
24125,,,product,13,1
11869,,,product,10,1
12919,,,product,15,1
43394,,,product,58,1
49247,,,product,30,1
8193,,,product,24,1
22164,,,product,4,1
19660,,,product,311,1
16696,,,product,32,1
1,,,product,6,1
32655,,,product,164,1
33788,,,product,2,1
25949,,,product,15,1
13733,,,product,5,1
48453,,,product,16,1
47626,,,product,482,1
17795,,,product,28,1
11941,,,product,8,1
40386,,,product,6,1
28613,,,product,12,1
45061,,,product,4,1
41860,,,product,8,1
32740,,,product,47,1
15613,,,product,15,1
19348,,,product,160,1
7461,,,product,32,1
39468,,,product,15,1
31766,,,product,14,1
31720,,,product,62,1
49111,,,product,22,1
31215,,,product,16,1
46049,,,product,7,1
39534,,,product,19,1
43504,,,product,53,1
24177,,,product,23,1
37067,,,product,11,1
21174,,,product,16,1
19677,,,product,107,1
20082,,,product,76,1
13702,,,product,13,1
13198,,,product,19,1
41842,,,product,8,1
33647,,,product,10,1
4962,,,product,41,1
46149,,,product,55,1
1511,,,product,99,1
18352,,,product,15,1
13575,,,product,76,1
9666,,,product,16,1
10326,,,product,9,1
47629,,,product,2,1
16759,,,product,75,1
7862,,,product,2,1
36036,,,product,27,1
9755,,,product,8,1
8571,,,product,66,1
27750,,,product,8,1
32566,,,product,42,1
44980,,,product,5,1
9825,,,product,46,1
28849,,,product,71,1
20463,,,product,18,1
31553,,,product,53,1
18465,,,product,184,1
19354,,,product,24,1
46941,,,product,3,1
23879,,,product,9,1
15842,,,product,4,1
11140,,,product,68,1
41131,,,product,7,1
20940,,,product,37,1
35417,,,product,11,1
5120,,,product,24,1
38293,,,product,82,1
25936,,,product,4,1
1443,,,product,12,1
30489,,,product,453,1
26790,,,product,124,1
8087,,,product,30,1
14371,,,product,31,1
3988,,,product,2,1
3265,,,product,11,1
46979,,,product,155,1
33120,,,product,93,1
39581,,,product,38,1
42557,,,product,21,1
2326,,,product,38,1
10673,,,product,45,1
48626,,,product,20,1
1831,,,product,7,1
12572,,,product,15,1
17600,,,product,71,1
15398,,,product,8,1
6962,,,product,5,1
26604,,,product,196,1
27105,,,product,4,1
21614,,,product,47,1
11187,,,product,9,1
37188,,,product,10,1
31964,,,product,33,1
3765,,,product,7,1
25340,,,product,41,1
3583,,,product,26,1
2240,,,product,4,1
38274,,,product,8,1
7916,,,product,15,1
39275,,,product,167,1
5212,,,product,153,1
2664,,,product,5,1
49026,,,product,14,1
32402,,,product,2,1
36929,,,product,57,1
436,,,product,4,1
40706,,,product,284,1
37276,,,product,24,1
37496,,,product,11,1
36011,,,product,289,1
45007,,,product,302,1
4149,,,product,4,1
15984,,,product,15,1
40199,,,product,39,1
37158,,,product,89,1
25346,,,product,14,1
9808,,,product,20,1
33129,,,product,3,1
26914,,,product,13,1
21413,,,product,3,1
34658,,,product,20,1
2086,,,product,41,1
38400,,,product,15,1
12614,,,product,55,1
9411,,,product,3,1
39180,,,product,108,1
27531,,,product,8,1
35921,,,product,49,1
41665,,,product,67,1
22220,,,product,28,1
365,,,product,14,1
14853,,,product,7,1
20345,,,product,17,1
46575,,,product,7,1
5985,,,product,3,1
33845,,,product,21,1
23909,,,product,203,1
10749,,,product,216,1
41400,,,product,49,1
28590,,,product,13,1
25890,,,product,113,1
5258,,,product,35,1
9210,,,product,7,1
15424,,,product,16,1
44475,,,product,7,1
16283,,,product,11,1
35784,,,product,2,1
5564,,,product,3,1
18811,,,product,22,1
7963,,,product,55,1
40310,,,product,59,1
43654,,,product,31,1
16617,,,product,45,1
16363,,,product,6,1
11737,,,product,19,1
8309,,,product,85,1
5194,,,product,24,1
37508,,,product,4,1
31371,,,product,24,1
16589,,,product,24,1
43631,,,product,9,1
19376,,,product,3,1
11182,,,product,53,1
3819,,,product,2,1
45437,,,product,16,1
2720,,,product,2,1
8424,,,product,162,1
781,,,product,39,1
10473,,,product,47,1
10957,,,product,51,1
45866,,,product,26,1
25705,,,product,16,1
13080,,,product,2,1
12872,,,product,8,1
6873,,,product,50,1
18059,,,product,4,1
33754,,,product,259,1
9623,,,product,17,1
24241,,,product,2,1
36695,,,product,121,1
27344,,,product,220,1
8017,,,product,3,1
41329,,,product,4,1
2164,,,product,5,1
13249,,,product,72,1
4799,,,product,148,1
48857,,,product,29,1
7948,,,product,29,1
40723,,,product,38,1
29662,,,product,14,1
8324,,,product,7,1
42731,,,product,6,1
18656,,,product,26,1
43662,,,product,90,1
26981,,,product,7,1
4605,,,product,51,1
21162,,,product,14,1
23291,,,product,4,1
39190,,,product,19,1
19734,,,product,9,1
4927,,,product,5,1
5206,,,product,7,1
46226,,,product,29,1
25146,,,product,94,1
28597,,,product,25,1
48086,,,product,5,1
12456,,,product,29,1
9810,,,product,4,1
28420,,,product,6,1
25466,,,product,39,1
14870,,,product,68,1
19691,,,product,37,1
36316,,,product,42,1
17461,,,product,67,1
16768,,,product,6,1
4957,,,product,204,1
6631,,,product,28,1
35939,,,product,48,1
34530,,,product,10,1
41787,,,product,126,1
39781,,,product,2,1
17429,,,product,29,1
33548,,,product,53,1
23374,,,product,8,1
39055,,,product,12,1
39322,,,product,14,1
33719,,,product,3,1
33572,,,product,38,1
47672,,,product,43,1
13166,,,product,125,1
36923,,,product,5,1
31678,,,product,4,1
2913,,,product,6,1
39040,,,product,11,1
41065,,,product,26,1
6390,,,product,3,1
34358,,,product,76,1
41793,,,product,15,1
36186,,,product,5,1
38558,,,product,17,1
44156,,,product,35,1
47231,,,product,4,1
43122,,,product,261,1
94,,,product,5,1
37687,,,product,176,1
47900,,,product,14,1
27247,,,product,32,1
20785,,,product,7,1
43768,,,product,72,1
21386,,,product,18,1
8174,,,product,117,1
33370,,,product,24,1
21009,,,product,46,1
4945,,,product,22,1
48808,,,product,2,1
3952,,,product,63,1
18641,,,product,3,1
38453,,,product,3,1
47912,,,product,62,1
49319,,,product,2,1
37388,,,product,3,1
45946,,,product,25,1
36878,,,product,3,1
18670,,,product,39,1
47402,,,product,16,1
18891,,,product,5,1
29594,,,product,33,1
8490,,,product,36,1
22124,,,product,89,1
37524,,,product,7,1
39121,,,product,23,1
27663,,,product,7,1
10032,,,product,11,1
39276,,,product,22,1
43713,,,product,46,1
10831,,,product,70,1
49520,,,product,37,1
10761,,,product,46,1
32585,,,product,14,1
2979,,,product,6,1
40376,,,product,5,1
27307,,,product,19,1
22825,,,product,278,1
19125,,,product,3,1
5578,,,product,5,1
35004,,,product,5,1
47141,,,product,9,1
9076,,,product,102,1
35815,,,product,3,1
43086,,,product,54,1
23288,,,product,56,1
30233,,,product,221,1
2120,,,product,5,1
20899,,,product,29,1
42972,,,product,6,1
45064,,,product,10,1
38275,,,product,4,1
12033,,,product,3,1
43645,,,product,2,1
34262,,,product,43,1
31504,,,product,21,1
31343,,,product,83,1
19613,,,product,16,1
21543,,,product,20,1
29574,,,product,4,1
12395,,,product,18,1
5015,,,product,10,1
14385,,,product,2,1
26369,,,product,89,1
13914,,,product,14,1
22113,,,product,15,1
34503,,,product,2,1
35140,,,product,37,1
196,"Soda ",,product,112,1
14715,,,product,34,1
45948,,,product,30,1
32052,,,product,7,1
24830,,,product,69,1
14129,,,product,4,1
20561,,,product,3,1
5782,,,product,15,1
4137,,,product,2,1
33279,,,product,3,1
46822,,,product,4,1
19584,,,product,8,1
7559,,,product,32,1
11974,,,product,2,1
23165,,,product,34,1
6760,,,product,12,1
42803,,,product,24,1
26165,,,product,103,1
46616,,,product,45,1
38689,,,product,288,1
16489,,,product,2,1
31915,,,product,99,1
9322,,,product,3,1
22959,,,product,33,1
41960,,,product,4,1
10603,,,product,21,1
12099,,,product,35,1
1379,,,product,3,1
28309,,,product,12,1
20995,,,product,110,1
35121,,,product,12,1
32331,,,product,3,1
3999,,,product,10,1
23737,,,product,20,1
10125,,,product,9,1
15872,,,product,26,1
13877,,,product,2,1
23645,,,product,6,1
44683,,,product,23,1
11777,,,product,97,1
45747,,,product,46,1
46820,,,product,55,1
24841,,,product,65,1
9339,,,product,49,1
44116,,,product,4,1
14678,,,product,24,1
44624,,,product,5,1
10441,,,product,13,1
19048,,,product,20,1
12756,,,product,31,1
5514,,,product,26,1
15592,,,product,8,1
17871,,,product,24,1
19508,,,product,9,1
41290,,,product,52,1
7090,,,product,9,1
343,,,product,6,1
45445,,,product,16,1
18963,,,product,33,1
32139,,,product,11,1
5128,,,product,2,1
5764,,,product,28,1
48395,,,product,4,1
18531,,,product,62,1
42244,,,product,93,1
12060,,,product,6,1
13829,,,product,15,1
44765,,,product,93,1
38662,,,product,13,1
20734,,,product,25,1
329,,,product,108,1
17725,,,product,17,1
287,,,product,2,1
31257,,,product,5,1
47890,,,product,7,1
23765,,,product,18,1
4366,,,product,14,1
33636,,,product,3,1
20114,,,product,80,1
29373,,,product,6,1
15649,,,product,43,1
35461,,,product,14,1
47738,,,product,2,1
38164,,,product,89,1
20794,,,product,39,1
17902,,,product,10,1
3308,,,product,3,1
45364,,,product,5,1
41375,,,product,9,1
17191,,,product,19,1
49609,,,product,18,1
28289,,,product,61,1
34,,,product,12,1
43720,,,product,6,1
32648,,,product,13,1
38579,,,product,5,1
32429,,,product,12,1
36685,,,product,2,1
31759,,,product,28,1
18176,,,product,13,1
14486,,,product,5,1
21497,,,product,16,1
13431,,,product,5,1
15604,,,product,11,1
25138,,,product,78,1
34137,,,product,5,1
29509,,,product,3,1
19208,,,product,6,1
6336,,,product,7,1
38444,,,product,12,1
39097,,,product,13,1
28515,,,product,2,1
40571,,,product,176,1
23375,,,product,36,1
13517,,,product,70,1
10310,,,product,3,1
23383,,,product,14,1
43643,,,product,30,1
12935,,,product,20,1
2748,,,product,49,1
44422,,,product,51,1
38775,,,product,2,1
17471,,,product,2,1
23543,,,product,44,1
30353,,,product,36,1
12315,,,product,2,1
36857,,,product,2,1
14233,,,product,73,1
20178,,,product,9,1
27790,,,product,5,1
6489,,,product,32,1
33768,,,product,56,1
21295,,,product,2,1
9689,,,product,11,1
27705,,,product,7,1
19322,,,product,3,1
3822,,,product,2,1
12075,,,product,22,1
11005,,,product,20,1
28593,,,product,9,1
38312,,,product,31,1
43789,,,product,47,1
21567,,,product,3,1
46802,,,product,70,1
28993,,,product,11,1
38988,,,product,24,1
45544,,,product,2,1
8048,,,product,61,1
39561,,,product,35,1
35045,,,product,11,1
6948,,,product,93,1
19511,,,product,22,1
24010,,,product,17,1
43192,,,product,15,1
36126,,,product,6,1
38273,,,product,6,1
44910,,,product,50,1
39947,,,product,50,1
27548,,,product,36,1
17526,,,product,7,1
47792,,,product,19,1
34234,,,product,13,1
27392,,,product,9,1
15541,,,product,36,1
13629,,,product,89,1
28199,,,product,63,1
26634,,,product,13,1
3951,,,product,6,1
14636,,,product,2,1
28572,,,product,11,1
21417,,,product,8,1
10017,,,product,27,1
42356,,,product,8,1
3661,,,product,7,1
36216,,,product,20,1
27596,,,product,8,1
13380,,,product,21,1
34448,,,product,45,1
47087,,,product,49,1
49628,,,product,25,1
4781,,,product,4,1
47788,,,product,16,1
21019,,,product,23,1
28123,,,product,10,1
26683,,,product,4,1
13646,,,product,91,1
4658,,,product,7,1
4421,,,product,10,1
16154,,,product,7,1
46313,,,product,3,1
41588,,,product,34,1
27336,,,product,11,1
36724,,,product,43,1
48109,,,product,25,1
5487,,,product,9,1
1017,,,product,4,1
16714,,,product,9,1
38533,,,product,2,1
29270,,,product,18,1
21560,,,product,16,1
13740,,,product,34,1
33232,,,product,3,1
34993,,,product,21,1
14633,,,product,33,1
44275,,,product,9,1
12980,,,product,18,1
35503,,,product,93,1
46061,,,product,41,1
35078,,,product,9,1
40852,,,product,25,1
8197,,,product,2,1
23233,,,product,23,1
34458,,,product,2,1
17874,,,product,3,1
7673,,,product,14,1
41177,,,product,12,1
2210,,,product,5,1
8590,,,product,2,1
45123,,,product,46,1
1158,,,product,38,1
10106,,,product,14,1
37022,,,product,15,1
11712,,,product,36,1
43875,,,product,51,1
26348,,,product,53,1
4793,,,product,90,1
35595,,,product,5,1
38890,,,product,8,1
8012,,,product,9,1
41276,,,product,37,1
16083,,,product,97,1
27737,,,product,4,1
45622,,,product,3,1
27744,,,product,36,1
7177,,,product,5,1
2962,,,product,48,1
23457,,,product,3,1
19894,,,product,62,1
28058,,,product,18,1
22882,,,product,6,1
41596,,,product,2,1
26714,,,product,7,1
42633,,,product,13,1
32689,,,product,64,1
22123,,,product,4,1
611,,,product,3,1
31102,,,product,10,1
27985,,,product,4,1
33000,,,product,94,1
40688,,,product,2,1
41220,,,product,105,1
11123,,,product,17,1
24413,,,product,19,1
33151,,,product,3,1
45051,,,product,31,1
37349,,,product,2,1
12914,,,product,3,1
29503,,,product,7,1
11983,,,product,2,0
46990,,,product,15,1
1244,,,product,21,1
42736,,,product,43,1
33303,,,product,18,1
19635,,,product,3,1
47042,,,product,12,1
38777,,,product,39,1
40146,,,product,10,1
34584,,,product,36,1
38889,,,product,5,1
5884,,,product,26,1
2825,,,product,64,1
11710,,,product,11,1
14491,,,product,11,1
30658,,,product,3,1
14874,,,product,19,1
4942,,,product,16,1
47366,,,product,3,1
21405,,,product,83,1
48733,,,product,8,1
37065,,,product,2,1
19248,,,product,9,1
10912,,,product,36,1
42625,,,product,11,1
34898,,,product,2,1
29557,,,product,8,1
48953,,,product,3,1
29616,,,product,8,1
24186,,,product,9,1
14739,,,product,12,1
48110,,,product,7,1
18027,,,product,63,1
46817,,,product,26,1
25332,,,product,10,1
9444,,,product,9,1
38750,,,product,9,1
48848,,,product,11,1
5428,,,product,17,1
40334,,,product,7,1
22021,,,product,4,1
21603,,,product,2,1
15700,,,product,9,1
5262,,,product,6,1
32935,,,product,5,1
10863,,,product,4,0
42944,,,product,36,1
46075,,,product,3,1
47185,,,product,2,1
26351,,,product,6,1
47717,,,product,16,1
26949,,,product,17,1
12384,,,product,48,1
40120,,,product,7,1
44487,,,product,2,1
39108,,,product,43,1
2452,,,product,21,1
41198,,,product,2,1
44292,,,product,26,1
2295,,,product,80,1
18288,,,product,30,1
11440,,,product,38,1
26032,,,product,13,1
1689,,,product,5,1
10895,,,product,16,1
11945,,,product,13,1
25387,,,product,4,1
46692,,,product,5,1
22640,,,product,3,1
117,,,product,20,1
8467,,,product,50,1
7325,,,product,10,1
13292,,,product,37,1
49192,,,product,14,1
49488,,,product,2,1
25513,,,product,32,1
4097,,,product,17,1
49044,,,product,42,1
42562,,,product,8,1
42443,,,product,13,1
47601,,,product,12,1
22610,,,product,13,1
40396,,,product,89,1
2763,,,product,7,1
20580,,,product,14,1
31404,,,product,7,1
8138,,,product,44,1
1194,,,product,37,1
31737,,,product,9,1
13252,,,product,4,1
4294,,,product,4,1
33827,,,product,3,1
22594,,,product,22,1
48171,,,product,4,1
12020,,,product,19,1
26283,,,product,26,1
27020,,,product,20,1
42719,,,product,14,1
25753,,,product,19,1
18434,,,product,3,1
36127,,,product,48,1
27470,,,product,4,1
49191,,,product,35,1
1700,,,product,6,1
2480,,,product,6,1
13712,,,product,13,1
13944,,,product,3,1
36956,,,product,7,1
36085,,,product,2,1
27509,,,product,12,1
14651,,,product,26,1
6348,,,product,86,1
27690,,,product,72,1
12576,,,product,48,1
25013,,,product,14,1
29848,,,product,4,1
18838,,,product,8,1
24518,,,product,8,1
23650,,,product,12,1
34497,,,product,4,1
11193,,,product,7,1
12036,,,product,3,1
37602,,,product,2,1
24489,,,product,124,1
7715,,,product,21,1
9595,,,product,22,1
22210,,,product,2,1
6508,,,product,4,1
8912,,,product,12,1
18564,,,product,14,1
13565,,,product,5,1
5068,,,product,9,1
35535,,,product,39,1
5794,,,product,15,1
12419,,,product,4,1
41774,,,product,2,1
5750,,,product,8,1
9507,,,product,18,1
18439,,,product,4,1
26346,,,product,27,1
44177,,,product,4,2
42680,,,product,6,1
8274,,,product,6,1
19862,,,product,5,1
1181,,,product,7,1
25832,,,product,8,1
24521,,,product,5,1
31433,,,product,4,1
25527,,,product,3,1
34578,,,product,4,1
16953,,,product,9,1
44008,,,product,53,1
49416,,,product,10,1
21841,,,product,11,1
12745,,,product,54,1
14881,,,product,13,1
18234,,,product,28,1
16616,,,product,12,1
28021,,,product,7,1
1559,,,product,98,1
31100,,,product,8,1
29103,,,product,7,1
16882,,,product,2,1
17616,,,product,8,1
42888,,,product,8,1
44471,,,product,24,1
17313,,,product,7,1
27325,,,product,37,1
19155,,,product,6,1
43209,,,product,5,1
11331,,,product,10,1
32747,,,product,53,1
46931,,,product,6,1
13774,,,product,9,1
30135,,,product,9,1
32771,,,product,2,0
10753,,,product,35,1
35887,,,product,18,1
45916,,,product,2,1
25199,,,product,16,1
11512,,,product,38,1
17949,,,product,119,1
40469,,,product,7,1
33352,,,product,22,1
41757,,,product,21,1
19261,,,product,27,1
40516,,,product,7,1
33674,,,product,8,1
41488,,,product,5,1
17454,,,product,3,1
41990,,,product,2,1
8475,,,product,5,1
10369,,,product,16,1
16398,,,product,23,1
36472,,,product,28,1
22915,,,product,13,1
46969,,,product,107,1
10798,,,product,2,1
12276,,,product,4,1
21292,,,product,27,1
28699,,,product,7,1
6137,,,product,2,1
16415,,,product,2,1
30442,,,product,28,1
10814,,,product,10,1
11679,,,product,2,1
25472,,,product,7,1
32156,,,product,2,1
1890,,,product,14,1
23579,,,product,22,1
4410,,,product,5,1
651,,,product,34,1
6361,,,product,18,1
42913,,,product,2,2
41716,,,product,11,1
14211,,,product,15,1
24759,,,product,24,1
16142,,,product,5,1
39812,,,product,19,1
44142,,,product,17,1
21157,,,product,2,1
24320,,,product,2,1
31258,,,product,2,1
47119,,,product,2,1
13870,,,product,89,1
41540,,,product,23,1
20327,,,product,20,1
4853,,,product,2,1
36606,,,product,22,1
46047,,,product,3,1
47888,,,product,28,1
5652,,,product,3,1
29763,,,product,4,1
43772,,,product,73,1
36550,,,product,62,1
37754,,,product,29,1
31231,,,product,21,1
47156,,,product,19,1
9138,,,product,9,1
45374,,,product,11,1
17706,,,product,85,1
9421,,,product,52,1
34688,,,product,6,1
30440,,,product,7,1
46650,,,product,21,1
1409,,,product,4,1
13966,,,product,2,1
36714,,,product,7,1
9881,,,product,10,1
32486,,,product,2,1
4812,,,product,29,1
22298,,,product,7,1
37103,,,product,3,1
48812,,,product,7,1
1408,,,product,11,1
11352,,,product,18,1
20113,,,product,13,1
7413,,,product,9,1
17419,,,product,25,1
34519,,,product,2,0
14467,,,product,18,1
11130,,,product,13,1
6000,,,product,7,1
25767,,,product,11,1
40198,,,product,31,1
20119,,,product,91,1
13511,,,product,3,1
1217,,,product,2,1
40878,,,product,2,1
14702,,,product,43,1
32665,,,product,5,1
37220,,,product,11,1
33682,,,product,33,1
43933,,,product,2,1
20955,,,product,13,1
18479,,,product,9,1
1999,,,product,6,1
22367,,,product,33,1
26131,,,product,43,1
35102,,,product,2,1
6104,,,product,87,1
40691,,,product,2,1
17638,,,product,7,1
1529,,,product,2,1
17044,,,product,12,1
20738,,,product,75,1
2078,,,product,70,1
20632,,,product,18,1
39560,,,product,6,1
33043,,,product,11,1
43234,,,product,10,1
46886,,,product,20,1
17530,,,product,46,1
24363,,,product,13,1
38241,,,product,23,1
34134,,,product,31,1
45741,,,product,5,1
25093,,,product,13,1
43165,,,product,4,1
15693,,,product,26,1
35376,,,product,2,1
14996,,,product,3,1
3020,,,product,29,1
21573,,,product,44,1
2639,,,product,6,1
1069,,,product,7,1
228,,,product,2,1
25640,,,product,5,1
32201,,,product,6,1
41806,,,product,25,1
4576,,,product,9,1
9531,,,product,2,1
7533,,,product,27,1
26911,,,product,15,1
17316,,,product,46,1
4029,,,product,5,1
48370,,,product,8,1
21910,,,product,2,1
45063,,,product,4,1
38480,,,product,7,1
18200,,,product,5,1
21872,,,product,15,1
39747,,,product,7,1
33401,,,product,22,1
16490,,,product,18,1
14161,,,product,22,1
22142,,,product,8,1
37718,,,product,39,1
41273,,,product,10,1
9741,,,product,9,1
17951,,,product,6,1
45633,,,product,23,1
31981,,,product,30,1
22425,,,product,3,1
49236,,,product,17,1
13597,,,product,2,1
18389,,,product,2,1
1103,,,product,25,1
39107,,,product,5,1
1710,,,product,5,1
4809,,,product,25,1
9637,,,product,21,1
43263,,,product,4,1
2091,,,product,19,1
37250,,,product,2,1
162,,,product,22,1
26364,,,product,7,1
19731,,,product,19,1
5114,,,product,20,1
30962,,,product,15,1
13560,,,product,20,1
45346,,,product,2,0
17789,,,product,9,1
34487,,,product,25,1
13819,,,product,20,1
24561,,,product,111,1
17915,,,product,21,1
41515,,,product,2,1
8381,,,product,7,1
9550,,,product,31,1
35470,,,product,16,1
35504,,,product,9,1
11759,,,product,65,1
22260,,,product,22,1
11821,,,product,6,1
49175,,,product,4,1
42106,,,product,2,1
30718,,,product,7,1
38108,,,product,4,1
10108,,,product,10,1
49217,,,product,6,1
9517,,,product,11,1
9092,,,product,19,1
33929,,,product,5,1
19156,,,product,72,1
15937,,,product,29,1
9934,,,product,13,1
14858,,,product,8,1
24933,,,product,11,1
26298,,,product,5,1
44570,,,product,5,1
48205,,,product,9,1
24499,,,product,3,1
25256,,,product,5,1
11961,,,product,5,1
26384,,,product,8,1
13147,,,product,2,1
4066,,,product,5,1
30635,,,product,4,1
17615,,,product,6,1
1811,,,product,3,1
20682,,,product,12,1
8153,,,product,6,1
39984,,,product,41,1
42300,,,product,7,1
14766,,,product,10,1
12069,,,product,11,1
8574,,,product,10,1
48142,,,product,16,1
30461,,,product,5,1
46842,,,product,27,1
21572,,,product,26,1
24952,,,product,5,1
47931,,,product,6,1
16754,,,product,5,1
5550,,,product,26,1
29615,,,product,6,1
27413,,,product,2,1
23236,,,product,2,1
22105,,,product,2,1
11538,,,product,2,1
42342,,,product,57,1
26629,,,product,15,1
21376,,,product,34,1
17468,,,product,2,1
39448,,,product,3,1
4932,,,product,3,1
8195,,,product,5,1
35851,,,product,22,1
45200,,,product,6,1
47167,,,product,7,1
14992,,,product,84,1
18272,,,product,10,1
30252,,,product,43,1
36406,,,product,20,1
4656,,,product,8,1
23763,,,product,4,1
43183,,,product,7,1
6740,,,product,13,1
19816,,,product,15,1
30106,,,product,3,1
25598,,,product,7,1
44799,,,product,40,1
3873,,,product,8,1
26497,,,product,6,1
47492,,,product,11,1
32734,,,product,11,1
17924,,,product,5,1
20084,,,product,11,1
10527,,,product,2,1
43739,,,product,16,1
39589,,,product,4,1
21927,,,product,12,1
45223,,,product,28,1
9430,,,product,9,1
32465,,,product,7,1
13032,,,product,23,1
23248,,,product,3,1
9018,,,product,24,1
45343,,,product,7,1
46992,,,product,5,1
47977,,,product,76,1
40156,,,product,4,1
25,,,product,8,1
36764,,,product,8,1
30561,,,product,29,1
17459,,,product,3,1
40063,,,product,8,1
14183,,,product,7,1
29691,,,product,9,1
13541,,,product,29,1
9020,,,product,12,1
42360,,,product,3,1
18583,,,product,3,1
41259,,,product,6,1
2716,,,product,45,1
6297,,,product,10,1
9124,,,product,5,1
1157,,,product,17,1
44408,,,product,2,1
7570,,,product,5,1
17721,,,product,2,1
39527,,,product,19,1
20919,,,product,4,1
9405,,,product,5,1
35065,,,product,3,1
11379,,,product,2,1
47521,,,product,10,1
93,,,product,2,1
38772,,,product,41,1
38192,,,product,15,1
1377,,,product,6,1
37980,,,product,2,1
17758,,,product,20,1
23265,,,product,2,1
29095,,,product,16,1
26282,,,product,3,1
36107,,,product,9,1
7693,,,product,23,1
24053,,,product,5,1
16732,,,product,13,1
16830,,,product,2,1
41338,,,product,2,1
34121,,,product,2,1
1337,,,product,7,1
45965,,,product,3,1
18629,,,product,6,1
2717,,,product,12,1
13245,,,product,7,1
48287,,,product,5,1
9438,,,product,5,1
36082,,,product,4,1
44479,,,product,10,1
48907,,,product,11,1
44548,,,product,2,1
47280,,,product,5,1
14034,,,product,2,1
14643,,,product,3,1
27662,,,product,11,1
22224,,,product,2,1
37147,,,product,5,1
45113,,,product,2,1
6187,,,product,32,1
20574,,,product,80,1
45531,,,product,2,1
1215,,,product,11,1
43279,,,product,25,1
41363,,,product,2,1
43221,,,product,10,1
44201,,,product,3,1
1747,,,product,8,1
32293,,,product,5,1
16965,,,product,15,1
7676,,,product,12,1
41242,,,product,3,1
24535,,,product,32,1
48230,,,product,11,1
22227,,,product,10,1
47943,,,product,5,1
11543,,,product,6,1
34335,,,product,21,1
31927,,,product,12,1
27553,,,product,3,1
13045,,,product,4,1
35986,,,product,5,1
28342,,,product,9,1
40709,,,product,57,1
42504,,,product,3,1
7808,,,product,25,1
40311,,,product,7,1
40986,,,product,2,1
25371,,,product,10,1
9337,,,product,9,1
1826,,,product,2,1
44051,,,product,2,1
15741,,,product,5,1
9510,,,product,2,1
44449,,,product,5,1
4455,,,product,5,1
39649,,,product,2,1
31869,,,product,11,1
18926,,,product,98,1
26317,,,product,23,1
30219,,,product,8,1
19311,,,product,8,1
41771,,,product,5,1
30597,,,product,2,1
5322,,,product,63,1
40064,,,product,3,1
14833,,,product,23,1
40001,,,product,10,1
36746,,,product,10,1
14399,,,product,2,1
35561,,,product,47,1
19019,,,product,24,1
2677,,,product,7,1
36389,,,product,21,1
30382,,,product,11,1
27761,,,product,6,1
25718,,,product,81,1
35336,,,product,3,1
38730,,,product,3,1
35188,,,product,9,1
6287,,,product,46,1
39303,,,product,8,1
42710,,,product,22,1
28299,,,product,3,1
9137,,,product,4,1
44533,,,product,7,1
32433,,,product,2,1
1804,,,product,9,1
29675,,,product,5,1
5771,,,product,8,1
7485,,,product,8,1
10,,,product,4,1
29668,,,product,2,1
14999,,,product,26,1
47196,,,product,8,1
38311,,,product,6,1
23644,,,product,19,1
10621,,,product,28,1
23801,,,product,13,1
17878,,,product,17,1
45221,,,product,3,1
18243,,,product,5,1
38490,,,product,6,1
31618,,,product,13,1
29996,,,product,3,1
2770,,,product,10,1
35168,,,product,9,1
17835,,,product,20,1
2269,,,product,9,1
18487,,,product,3,1
13042,,,product,45,1
49241,,,product,9,1
44278,,,product,6,1
12545,,,product,27,1
1729,,,product,3,0
35383,,,product,18,1
895,,,product,23,1
31727,,,product,7,1
16825,,,product,2,1
35530,,,product,2,1
47611,,,product,3,1
3849,,,product,20,1
45645,,,product,26,1
148,,,product,3,1
34012,,,product,2,1
37029,,,product,34,1
13834,,,product,2,1
5460,,,product,3,1
4792,,,product,4,1
44815,,,product,5,1
23102,,,product,33,1
14462,,,product,19,1
31422,,,product,15,1
6891,,,product,2,1
37947,,,product,29,1
9175,,,product,4,1
8575,,,product,6,1
6341,,,product,9,1
3397,,,product,8,1
36164,,,product,3,1
35458,,,product,15,1
16528,,,product,4,1
30385,,,product,17,1
25272,,,product,11,1
9203,,,product,4,1
37215,,,product,3,1
14218,,,product,34,1
459,,,product,5,1
22908,,,product,9,1
20542,,,product,3,1
45535,,,product,8,1
38374,,,product,3,1
18441,,,product,2,1
24235,,,product,14,1
14126,,,product,13,1
26668,,,product,3,1
7308,,,product,6,1
47059,,,product,5,1
49383,,,product,41,1
30795,,,product,20,1
34069,,,product,7,1
42500,,,product,19,1
14111,,,product,3,1
38562,,,product,4,1
19171,,,product,4,1
10246,,,product,15,1
40632,,,product,8,1
46023,,,product,2,1
17652,,,product,45,1
46720,,,product,11,1
21526,,,product,5,1
12000,,,product,4,1
23955,,,product,2,1
34270,,,product,17,1
27012,,,product,6,1
28278,,,product,5,1
38647,,,product,19,1
32303,,,product,19,1
12258,,,product,10,1
17027,,,product,63,1
19821,,,product,12,1
35968,,,product,9,1
28601,,,product,36,1
27681,,,product,3,1
29871,,,product,6,1
22849,,,product,9,1
43692,,,product,7,1
14778,,,product,19,1
15399,,,product,13,1
46347,,,product,2,1
7026,,,product,10,1
18070,,,product,7,1
46206,,,product,5,1
12409,,,product,3,1
23362,,,product,4,1
13269,,,product,6,1
34160,,,product,9,1
1112,,,product,2,1
11090,,,product,3,1
28715,,,product,7,1
13866,,,product,13,1
30720,,,product,14,1
5451,,,product,4,1
48057,,,product,5,1
24427,,,product,4,1
34429,,,product,16,1
18818,,,product,2,1
25133,,,product,29,1
47585,,,product,3,1
22474,,,product,2,1
1364,,,product,2,1
21506,,,product,4,1
49517,,,product,4,1
14168,,,product,2,1
4313,,,product,2,1
6750,,,product,5,1
4354,,,product,2,1
26738,,,product,3,1
11784,,,product,2,1
19240,,,product,5,1
44473,,,product,3,1
33791,,,product,25,1
37464,,,product,14,1
23953,,,product,2,1
36313,,,product,4,1
28836,,,product,2,1
36117,,,product,12,1
16757,,,product,15,1
38652,,,product,7,1
6583,,,product,8,1
37825,,,product,32,1
12916,,,product,24,1
32828,,,product,3,1
18618,,,product,6,1
44375,,,product,5,1
1402,,,product,17,1
1323,,,product,2,1
1695,,,product,25,1
7969,,,product,8,1
26309,,,product,3,1
1234,,,product,16,1
13660,,,product,3,1
2732,,,product,2,1
32360,,,product,7,1
29127,,,product,20,1
37317,,,product,3,1
32204,,,product,3,1
25230,,,product,5,1
44310,,,product,40,1
28535,,,product,6,1
42637,,,product,6,1
47616,,,product,8,1
37919,,,product,2,1
25197,,,product,24,1
5922,,,product,8,1
9122,,,product,5,1
43406,,,product,17,1
49198,,,product,6,1
22307,,,product,3,1
46516,,,product,13,1
18770,,,product,4,1
18606,,,product,30,1
35715,,,product,5,1
19370,,,product,6,1
34690,,,product,3,1
18689,,,product,14,1
40777,,,product,6,1
46260,,,product,2,1
17284,,,product,16,1
17568,,,product,7,1
20392,,,product,8,1
14366,,,product,13,1
46069,,,product,9,1
35199,,,product,12,1
3318,,,product,15,1
44557,,,product,7,1
41165,,,product,8,1
31288,,,product,22,1
40541,,,product,3,1
12606,,,product,17,1
130,,,product,4,1
13225,,,product,2,1
39450,,,product,5,1
14814,,,product,6,1
43889,,,product,2,1
49583,,,product,2,1
16466,,,product,4,1
17352,,,product,3,1
36869,,,product,4,1
25305,,,product,8,1
47526,,,product,4,1
40910,,,product,7,1
42495,,,product,19,1
44625,,,product,3,1
21953,,,product,2,1
17982,,,product,2,1
39844,,,product,6,1
16234,,,product,10,1
28156,,,product,19,1
30340,,,product,2,1
27038,,,product,3,1
10558,,,product,4,1
24082,,,product,33,1
890,,,product,17,1
26324,,,product,6,1
39721,,,product,4,1
33454,,,product,6,1
24253,,,product,10,1
29405,,,product,2,1
36976,,,product,2,1
32467,,,product,5,1
22947,,,product,6,1
36342,,,product,3,1
5535,,,product,4,1
16920,,,product,3,1
30146,,,product,2,1
45005,,,product,5,1
1503,,,product,3,1
5250,,,product,15,1
6052,,,product,5,1
9292,,,product,18,1
5380,,,product,8,1
45679,,,product,6,1
30726,,,product,6,1
46627,,,product,5,1
21158,,,product,12,1
17131,,,product,2,1
28054,,,product,5,1
16521,,,product,17,1
41325,,,product,9,1
23499,,,product,2,1
8654,,,product,2,1
33065,,,product,2,1
47759,,,product,16,1
26706,,,product,2,1
22677,,,product,2,1
8479,,,product,4,1
10586,,,product,14,1
29672,,,product,13,1
3283,,,product,3,1
9515,,,product,26,1
47630,,,product,6,1
39491,,,product,6,1
43369,,,product,3,1
9477,,,product,3,1
37141,,,product,8,1
35510,,,product,2,1
46088,,,product,7,1
45446,,,product,6,1
26940,,,product,26,1
23025,,,product,9,1
48726,,,product,34,1
2670,,,product,2,1
19828,,,product,11,1
31577,,,product,6,1
41682,,,product,9,1
42110,,,product,31,1
31694,,,product,3,1
46045,,,product,3,1
46755,,,product,6,1
40961,,,product,3,1
44670,,,product,2,1
5086,,,product,3,1
48034,,,product,3,1
46229,,,product,3,1
49667,,,product,2,1
37011,,,product,7,1
2923,,,product,6,1
34128,,,product,19,1
32691,,,product,3,1
15011,,,product,8,1
26177,,,product,6,1
8929,,,product,3,1
40795,,,product,3,1
46562,,,product,31,1
33957,,,product,2,1
23576,,,product,7,1
1468,,,product,6,1
8536,,,product,3,1
28859,,,product,3,1
10768,,,product,28,1
45537,,,product,6,1
8833,,,product,9,1
35213,,,product,17,1
25108,,,product,2,1
27102,,,product,3,1
49176,,,product,2,1
9598,,,product,25,1
15712,,,product,8,1
32030,,,product,14,1
39758,,,product,2,1
1117,,,product,3,1
45104,,,product,15,1
48795,,,product,7,1
12011,,,product,5,1
32472,,,product,2,3
25630,,,product,7,1
36792,,,product,10,1
11009,,,product,3,1
30849,,,product,7,1
43616,,,product,8,1
24160,,,product,13,1
48775,,,product,27,1
25408,,,product,3,1
22309,,,product,2,1
23054,,,product,10,1
5959,,,product,9,1
10189,,,product,3,1
23423,,,product,3,1
30591,,,product,19,1
32134,,,product,4,1
24668,,,product,2,1
30082,,,product,2,1
32943,,,product,2,1
32911,,,product,5,1
47154,,,product,4,1
5612,,,product,12,1
4487,,,product,3,1
37173,,,product,11,1
47780,,,product,3,1
31040,,,product,52,1
11499,,,product,2,1
12392,,,product,12,1
6473,,,product,4,1
3721,,,product,4,1
30967,,,product,2,1
6615,,,product,9,1
12206,,,product,3,1
13083,,,product,15,1
16384,,,product,5,1
16097,,,product,8,1
12820,,,product,12,1
15906,,,product,2,1
4753,,,product,2,1
23634,,,product,4,1
38028,,,product,4,1
24385,,,product,2,1
42479,,,product,2,1
8898,,,product,4,1
5575,,,product,2,1
36418,,,product,4,1
6286,,,product,27,1
28226,,,product,14,1
23047,,,product,4,1
18105,,,product,3,1
17160,,,product,6,1
8580,,,product,15,1
32455,,,product,35,1
24221,,,product,24,1
40761,,,product,2,1
25225,,,product,3,1
38067,,,product,3,1
3717,,,product,3,1
18594,,,product,13,1
36144,,,product,3,1
48015,,,product,4,1
8555,,,product,16,1
41007,,,product,2,1
10685,,,product,4,1
15386,,,product,4,1
32263,,,product,3,1
24279,,,product,2,1
39657,,,product,34,1
27454,,,product,16,1
1096,,,product,2,1
44661,,,product,2,1
38531,,,product,13,1
7539,,,product,3,1
8103,,,product,5,1
19887,,,product,3,1
30494,,,product,19,1
25659,,,product,43,1
35364,,,product,2,1
44042,,,product,4,1
10006,,,product,6,1
25588,,,product,3,1
16249,,,product,13,1
7753,,,product,2,1
46738,,,product,4,1
35523,,,product,2,1
3835,,,product,9,1
4302,,,product,4,1
8834,,,product,5,1
30999,,,product,2,1
21704,,,product,11,1
20015,,,product,13,1
45693,,,product,2,1
39558,,,product,13,1
26395,,,product,2,1
11925,,,product,30,1
18765,,,product,5,1
38984,,,product,2,1
41959,,,product,2,1
38827,,,product,15,1
25330,,,product,14,1
38734,,,product,15,1
35042,,,product,7,1
3389,,,product,10,1
29898,,,product,9,1
10339,,,product,27,1
33407,,,product,3,1
46107,,,product,3,1
13424,,,product,15,1
19611,,,product,9,1
48595,,,product,11,1
5818,,,product,6,1
23805,,,product,2,1
581,,,product,3,1
40268,,,product,20,1
1712,,,product,3,1
21447,,,product,4,1
2846,,,product,4,1
37066,,,product,2,1
8013,,,product,3,1
45128,,,product,3,1
35469,,,product,2,1
42460,,,product,5,1
21683,,,product,2,1
43545,,,product,5,1
6656,,,product,32,1
3420,,,product,2,1
32442,,,product,8,1
23430,,,product,9,1
30630,,,product,3,1
31350,,,product,2,1
22754,,,product,2,1
25072,,,product,14,1
22888,,,product,9,1
36070,,,product,21,1
5141,,,product,2,1
37119,,,product,23,1
18721,,,product,14,1
39643,,,product,5,1
3919,,,product,11,1
36943,,,product,2,1
29798,,,product,2,1
31342,,,product,10,1
12791,,,product,5,1
11930,,,product,2,1
45167,,,product,2,1
11481,,,product,9,1
11374,,,product,2,1
25522,,,product,2,1
42507,,,product,2,1
38141,,,product,9,1
27401,,,product,3,1
29627,,,product,2,1
6927,,,product,2,1
43858,,,product,16,1
13798,,,product,3,1
21769,,,product,14,1
12597,,,product,12,1
24062,,,product,3,1
4462,,,product,25,1
49519,,,product,37,1
28071,,,product,4,1
9390,,,product,3,1
40898,,,product,2,1
79,,,product,3,1
16974,,,product,14,1
48220,,,product,17,1
6846,,,product,2,1
16419,,,product,3,1
8516,,,product,10,1
23322,,,product,10,1
16676,,,product,2,1
37724,,,product,4,1
31487,,,product,3,1
5991,,,product,2,1
11109,,,product,21,1
35112,,,product,3,1
42526,,,product,5,1
14704,,,product,2,1
4952,,,product,16,1
22537,,,product,11,1
16948,,,product,2,1
29474,,,product,6,1
9154,,,product,3,1
35522,,,product,4,1
12023,,,product,8,1
6066,,,product,3,1
43409,,,product,7,1
2905,,,product,2,1
31299,,,product,5,1
14447,,,product,5,1
12144,,,product,4,1
14924,,,product,3,1
8390,,,product,5,1
8710,,,product,6,1
27275,,,product,7,1
7952,,,product,6,1
25017,,,product,9,1
1406,,,product,2,1
42383,,,product,7,1
38838,,,product,2,1
8230,,,product,2,1
11408,,,product,6,1
4889,,,product,4,1
31478,,,product,2,1
39299,,,product,3,1
33705,,,product,2,1
34844,,,product,6,1
22470,,,product,3,1
16896,,,product,3,1
4138,,,product,8,1
19934,,,product,2,1
16396,,,product,4,1
39332,,,product,9,1
10343,,,product,2,1
31555,,,product,2,1
13838,,,product,2,1
25043,,,product,3,1
39428,,,product,3,1
2983,,,product,3,1
19097,,,product,4,1
46785,,,product,2,1
21333,,,product,15,1
26751,,,product,3,1
45279,,,product,4,1
7146,,,product,3,1
30411,,,product,2,1
36165,,,product,3,1
48313,,,product,2,1
30994,,,product,2,1
4377,,,product,17,1
22159,,,product,2,1
49615,,,product,2,1
20518,,,product,2,1
1025,,,product,8,1
37552,,,product,2,0
47621,,,product,4,1
43552,,,product,4,1
19536,,,product,2,1
13524,,,product,3,1
49306,,,product,2,1
47940,,,product,2,1
14904,,,product,3,1
22170,,,product,11,1
4102,,,product,5,1
20380,,,product,2,1
7398,,,product,2,1
25762,,,product,15,1
9458,,,product,2,1
32579,,,product,12,1
25965,,,product,17,1
34525,,,product,3,1
16464,,,product,2,1
24115,,,product,2,1
25830,,,product,2,1
12193,,,product,2,1
7835,,,product,2,1
48004,,,product,4,1
11266,,,product,21,1
1875,,,product,3,1
49374,,,product,6,1
4142,,,product,8,1
10315,,,product,3,1
4347,,,product,2,1
41433,,,product,4,1
42701,,,product,29,1
22025,,,product,15,1
16864,,,product,3,1
44666,,,product,2,1
11844,,,product,4,1
34321,,,product,2,1
19008,,,product,3,1
8866,,,product,2,1
31805,,,product,22,1
22340,,,product,2,1
49075,,,product,25,1
10096,,,product,2,1
33911,,,product,6,1
15429,,,product,2,1
34213,,,product,6,1
5013,,,product,7,1
21392,,,product,3,1
45578,,,product,4,1
36183,,,product,2,1
3398,,,product,3,1
46807,,,product,4,1
33357,,,product,2,1
26040,,,product,5,1
43310,,,product,5,1
3990,,,product,9,1
48486,,,product,2,1
29801,,,product,5,1
48364,,,product,13,1
8186,,,product,10,1
14461,,,product,4,1
11461,,,product,2,1
1104,,,product,2,1
12941,,,product,3,1
29794,,,product,4,1
46294,,,product,2,1
33575,,,product,3,1
29941,,,product,19,1
49005,,,product,2,1
38996,,,product,7,1
25985,,,product,3,1
16349,,,product,20,1
48577,,,product,6,1
18359,,,product,4,1
3466,,,product,3,1
20379,,,product,2,1
11143,,,product,14,1
21914,,,product,2,1
13457,,,product,26,1
35762,,,product,3,1
19134,,,product,2,1
8501,,,product,4,1
11452,,,product,7,1
34886,,,product,3,1
18615,,,product,6,1
47249,,,product,2,1
38508,,,product,3,1
23178,,,product,8,1
3798,,,product,5,1
33527,,,product,9,1
47018,,,product,3,1
35163,,,product,10,1
44229,,,product,2,1
21053,,,product,3,1
9736,,,product,2,1
33122,,,product,2,1
2386,,,product,2,1
23472,,,product,3,1
42403,,,product,3,1
29993,,,product,12,1
19449,,,product,8,1
23554,,,product,6,1
21385,,,product,2,1
5063,,,product,2,1
29045,,,product,3,1
12644,,,product,8,1
9075,,,product,3,1
31315,,,product,2,1
41408,,,product,5,1
33497,,,product,4,1
19846,,,product,9,1
5337,,,product,9,1
14711,,,product,5,1
23685,,,product,2,1
32743,,,product,2,1
16182,,,product,3,1
3594,,,product,4,1
14917,,,product,45,1
27949,,,product,2,1
311,,,product,13,1
42239,,,product,3,1
9290,,,product,3,1
46194,,,product,2,1
32412,,,product,32,1
2132,,,product,2,1
10151,,,product,4,1
45615,,,product,3,1
34281,,,product,5,1
14642,,,product,2,1
22151,,,product,7,1
36758,,,product,2,1
23339,,,product,4,1
41618,,,product,7,1
22509,,,product,2,1
35233,,,product,6,1
31960,,,product,2,1
33214,,,product,3,1
15084,,,product,2,1
19046,,,product,5,1
42958,,,product,2,1
12320,,,product,2,1
19050,,,product,2,1
19706,,,product,18,1
19145,,,product,4,1
36624,,,product,4,1
48745,,,product,32,1
19448,,,product,4,1
4989,,,product,3,1
8311,,,product,2,1
27464,,,product,6,1
48946,,,product,5,1
49605,,,product,4,1
2611,,,product,9,1
35652,,,product,4,1
46378,,,product,2,1
27423,,,product,4,1
27241,,,product,13,1
4938,,,product,7,1
34380,,,product,3,1
41009,,,product,10,1
30480,,,product,2,1
34866,,,product,11,1
41453,,,product,2,1
10504,,,product,7,1
35633,,,product,8,1
12476,,,product,5,1
17553,,,product,26,1
15269,,,product,4,1
26278,,,product,4,1
22721,,,product,3,1
5918,,,product,7,1
15477,,,product,2,1
42030,,,product,3,1
35315,,,product,3,1
3142,,,product,3,1
11199,,,product,2,1
33351,,,product,6,1
45636,,,product,8,1
28221,,,product,8,1
34224,,,product,2,1
12333,,,product,2,1
48762,,,product,4,1
8997,,,product,2,1
32096,,,product,7,1
33651,,,product,2,1
44830,,,product,5,1
1824,,,product,2,1
11688,,,product,7,1
15707,,,product,2,1
38622,,,product,4,1
21646,,,product,2,1
6799,,,product,3,1
9038,,,product,4,1
13544,,,product,2,2
33452,,,product,2,1
21131,,,product,3,1
19049,,,product,4,1
17183,,,product,10,1
32553,,,product,4,1
47258,,,product,5,1
41593,,,product,2,1
15950,,,product,10,1
14150,,,product,3,1
889,,,product,2,1
34915,,,product,2,1
5973,,,product,2,1
27729,,,product,6,1
30592,,,product,3,1
38277,,,product,2,1
44397,,,product,2,1
5031,,,product,9,1
1879,,,product,2,1
4790,,,product,2,1
2450,,,product,4,1
40742,,,product,4,1
1134,,,product,5,1
4274,,,product,2,1
30492,,,product,2,1
32989,,,product,10,1
41544,,,product,2,1
23082,,,product,4,1
4697,,,product,2,1
33041,,,product,5,1
13573,,,product,6,1
1577,,,product,2,1
33909,,,product,2,1
8670,,,product,6,1
2643,,,product,3,1
13806,,,product,6,1
15070,,,product,4,1
30975,,,product,8,1
19154,,,product,4,1
1516,,,product,3,1
42987,,,product,3,1
7860,,,product,2,1
29145,,,product,2,1
23540,,,product,2,1
1744,,,product,5,1
21150,,,product,2,1
24928,,,product,2,1
22713,,,product,5,1
8615,,,product,2,1
20670,,,product,3,1
17281,,,product,4,1
35946,,,product,11,1
42387,,,product,2,1
11281,,,product,2,1
920,,,product,2,1
40427,,,product,3,1
40363,,,product,5,1
21949,,,product,6,1
877,,,product,3,1
32915,,,product,2,1
24846,,,product,5,1
10121,,,product,3,1
21195,,,product,12,1
10337,,,product,6,1
5020,,,product,3,1
1896,,,product,4,1
1935,,,product,3,1
15892,,,product,2,1
20073,,,product,2,1
30529,,,product,6,1
19115,,,product,2,1
28920,,,product,2,1
2002,,,product,3,1
12697,,,product,6,1
26055,,,product,3,1
1360,,,product,2,1
28851,,,product,8,1
39363,,,product,4,1
12754,,,product,2,1
27090,,,product,7,1
29156,,,product,2,1
33462,,,product,4,1
2809,,,product,2,1
45106,,,product,12,1
37788,,,product,6,1
10199,,,product,2,1
7393,,,product,2,1
14146,,,product,2,1
44932,,,product,4,1
31477,,,product,5,1
5438,,,product,11,1
18159,,,product,4,1
12805,,,product,2,1
2067,,,product,9,1
35594,,,product,4,1
38511,,,product,2,1
22990,,,product,3,1
34949,,,product,4,1
22472,,,product,2,1
36180,,,product,6,1
4232,,,product,5,1
45443,,,product,7,1
19863,,,product,3,1
21351,,,product,2,1
42598,,,product,2,1
5422,,,product,9,1
29599,,,product,23,1
3917,,,product,3,1
44293,,,product,2,1
28634,,,product,5,1
46709,,,product,2,1
16291,,,product,10,1
18993,,,product,8,1
10305,,,product,15,1
1374,,,product,5,1
30121,,,product,3,1
45448,,,product,5,1
27881,,,product,3,1
16848,,,product,4,1
39001,,,product,6,1
1335,,,product,2,1
32170,,,product,3,1
10518,,,product,2,1
1536,,,product,3,3
12009,,,product,3,1
31373,,,product,9,1
8744,,,product,2,1
23099,,,product,2,1
29544,,,product,5,1
17803,,,product,3,1
30305,,,product,4,1
31985,,,product,6,1
35467,,,product,2,1
31634,,,product,3,1
24419,,,product,2,1
10509,,,product,5,1
26376,,,product,3,1
2457,,,product,6,1
4367,,,product,6,1
20641,,,product,3,1
49439,,,product,2,1
16570,,,product,2,1
26010,,,product,6,1
21367,,,product,3,1
29974,,,product,3,1
1924,,,product,6,1
2745,,,product,2,1
34195,,,product,2,1
46058,,,product,5,1
7631,,,product,3,1
4269,,,product,4,1
27172,,,product,4,1
7598,,,product,4,1
43014,,,product,4,1
34817,,,product,2,1
16973,,,product,5,1
2429,,,product,2,1
27592,,,product,2,1
16070,,,product,2,1
12078,,,product,5,1
11513,,,product,2,1
25653,,,product,3,1
10514,,,product,2,1
41836,,,product,4,1
40826,,,product,2,1
20169,,,product,3,1
40229,,,product,2,1
14376,,,product,2,1
31725,,,product,2,1
20448,,,product,2,1
44820,,,product,3,1
32177,,,product,4,1
33568,,,product,2,1
44847,,,product,2,3
41057,,,product,3,1
48487,,,product,2,1
2694,,,product,2,1
29500,,,product,2,1
29117,,,product,2,1
48859,,,product,2,1
6719,,,product,2,1
47049,,,product,6,1
22809,,,product,2,1
14852,,,product,3,1
49585,,,product,3,1
19893,,,product,5,1
9366,,,product,2,1
36772,,,product,8,1
7681,,,product,4,1
12955,,,product,6,1
24267,,,product,2,1
44245,,,product,2,1
14897,,,product,2,1
38248,,,product,4,1
38033,,,product,2,1
8758,,,product,3,1
39578,,,product,2,1
19002,,,product,2,1
32717,,,product,5,1
712,,,product,3,1
17080,,,product,3,1
48957,,,product,4,1
27323,,,product,2,1
23926,,,product,10,1
42697,,,product,3,1
35132,,,product,2,1
49424,,,product,2,1
31126,,,product,2,1
5384,,,product,4,1
40054,,,product,3,1
12343,,,product,2,1
22507,,,product,5,1
25623,,,product,6,1
46902,,,product,2,1
11212,,,product,4,1
15131,,,product,2,1
16539,,,product,2,1
13310,,,product,2,1
23622,,,product,3,1
29714,,,product,8,1
28670,,,product,2,1
35176,,,product,4,1
36968,,,product,5,1
32679,,,product,3,1
13605,,,product,2,1
27142,,,product,5,1
44306,,,product,3,1
31888,,,product,3,1
31015,,,product,2,1
12492,,,product,3,1
29600,,,product,3,1
27292,,,product,2,1
38880,,,product,2,1
30388,,,product,2,1
19982,,,product,2,1
35898,,,product,2,1
691,,,product,4,1
18566,,,product,2,1
10401,,,product,2,1
39411,,,product,5,1
36142,,,product,3,1
22491,,,product,12,1
31292,,,product,4,1
37417,,,product,6,1
15406,,,product,7,1
30731,,,product,3,1
38430,,,product,2,1
31772,,,product,2,1
38223,,,product,2,1
36170,,,product,4,1
29671,,,product,6,1
30898,,,product,2,1
45977,,,product,4,1
21083,,,product,3,1
11556,,,product,2,1
48667,,,product,6,1
11137,,,product,2,1
47893,,,product,2,1
